t,s1,s5
0,1.857029419,0.287549492
0.033333,1.857066437,0.287536443
0.066666,1.856675485,0.2874427
0.099999,1.856360699,0.287121789
0.133332,1.8561575,0.286900214
0.166665,1.855913022,0.286869055
0.199998,1.855704097,0.286580102
0.233331,1.855752966,0.286485293
0.266664,1.855655361,0.286565454
0.299997,1.855373865,0.286294345
0.33333,1.855360948,0.286212053
0.366663,1.855307685,0.285977961
0.399996,1.854959477,0.285792871
0.433329,1.854806744,0.28549726
0.466662,1.854585036,0.285209905
0.499995,1.854472651,0.285041727
0.533328,1.854371318,0.28463626
0.566661,1.854301809,0.284327733
0.599994,1.854250676,0.284161153
0.633327,1.854210329,0.283882719
0.66666,1.853989687,0.283505482
0.699993,1.853909126,0.283536508
0.733326,1.853935092,0.283412804
0.766659,1.853915384,0.283337703
0.799992,1.854171048,0.283510276
0.833325,1.854417923,0.283688974
0.866658,1.854385033,0.283546761
0.899991,1.854488497,0.283816806
0.933324,1.854655876,0.284037582
0.966657,1.854932179,0.284145174
0.99999,1.855151224,0.284291914
1.033323,1.855182516,0.284334524
1.066656,1.855583322,0.284797914
1.099989,1.855778665,0.284983004
1.133322,1.855867481,0.28510764
1.166655,1.856011825,0.285199253
1.199988,1.856529144,0.285526023
1.233321,1.856522752,0.285473292
1.266654,1.856786272,0.285811247
1.299987,1.85684859,0.285959852
1.33332,1.856888005,0.28590286
1.366653,1.857001455,0.286054394
1.399986,1.857101058,0.286070373
1.433319,1.857273631,0.286035485
1.466652,1.857482156,0.286067976
1.499985,1.857536085,0.286229097
1.533318,1.857580427,0.286134821
1.566651,1.857640747,0.286214716
1.599984,1.857865784,0.286129495
1.633317,1.857819312,0.285881821
1.66665,1.857905066,0.285821101
1.699983,1.857990021,0.285802459
1.733316,1.858136495,0.285687943
1.766649,1.858225844,0.285625092
1.799982,1.858238227,0.285651191
1.833315,1.858244619,0.285512707
1.866648,1.858268588,0.285604852
1.899981,1.858138226,0.285459177
1.933314,1.85811985,0.285385408
1.966647,1.857977637,0.285236004
1.99998,1.858028903,0.285186203
2.033313,1.858055135,0.285189932
2.066646,1.857616379,0.284874081
2.099979,1.857925306,0.285187002
2.133312,1.85791745,0.285400321
2.166645,1.857759125,0.285356912
2.199978,1.85773489,0.285328682
2.233311,1.857808793,0.285650392
2.266644,1.857698405,0.285824829
2.299977,1.85779348,0.286094341
2.33331,1.85786432,0.28646239
2.366643,1.857870978,0.286519382
2.399976,1.858060595,0.286908203
2.433309,1.858188293,0.28734869
2.466642,1.858223047,0.287460276
2.499975,1.858167787,0.287723663
2.533308,1.858112926,0.288075999
2.566641,1.858442359,0.288556966
2.599974,1.858648754,0.289007307
2.633307,1.858965803,0.289349257
2.66664,1.859268871,0.289834751
2.699973,1.859374465,0.290156727
2.733306,1.8595003,0.290487225
2.766639,1.859707627,0.290715991
2.799972,1.859808161,0.290935968
2.833305,1.859980467,0.291075518
2.866638,1.860189792,0.291412141
2.899971,1.860426813,0.291452355
2.933304,1.86066197,0.291583915
2.966637,1.860767698,0.291476856
2.99997,1.860900323,0.291434512
3.033303,1.861245868,0.291419598
3.066636,1.861406058,0.291416669
3.099969,1.861720311,0.291482182
3.133302,1.861609923,0.290958605
3.166635,1.86192564,0.290888297
3.199968,1.862163461,0.290758335
3.233301,1.862051342,0.290444348
3.266634,1.862020449,0.290106926
3.299967,1.862224447,0.28998522
3.3333,1.862305274,0.289960452
3.366633,1.862410336,0.289785216
3.399966,1.862534439,0.289629954
3.433299,1.86280688,0.289706387
3.466632,1.862937109,0.289951397
3.499965,1.863163744,0.290065913
3.533298,1.863269338,0.289922103
3.566631,1.862920864,0.289508247
3.599964,1.862913407,0.289380416
3.633297,1.863154157,0.289444065
3.66663,1.863108883,0.289486143
3.699963,1.863139642,0.289484812
3.733296,1.863155754,0.28940465
3.766629,1.863000758,0.289213169
3.799962,1.862884645,0.289100784
3.833295,1.862677318,0.288811298
3.866628,1.862675054,0.288815559
3.899961,1.86272845,0.28892608
3.933294,1.862596491,0.288685863
3.966627,1.862189693,0.288443249
3.99996,1.862071315,0.288190249
4.033293,1.86169075,0.287950032
4.066626,1.861582758,0.287857886
4.099959,1.861341343,0.287841907
4.133292,1.861005784,0.287402752
4.166625,1.861004719,0.287481582
4.199958,1.860720693,0.287305281
4.233291,1.860558373,0.28702991
4.266624,1.860245718,0.286914595
4.299957,1.86003959,0.28664455
4.33329,1.859990854,0.286359858
4.366623,1.859792981,0.286263452
4.399956,1.859732394,0.286232826
4.433289,1.859517211,0.285897001
4.466622,1.859436916,0.285735347
4.499955,1.859302959,0.285596064
4.533288,1.859374998,0.285701525
4.566621,1.859271001,0.285457846
4.599954,1.859312547,0.285580884
4.633287,1.859148496,0.285414702
4.66662,1.858825721,0.285189399
4.699953,1.858828384,0.285194193
4.733286,1.858765001,0.285273289
4.766619,1.858632375,0.28527968
4.799952,1.858458071,0.28525731
4.833285,1.858061527,0.285002978
4.866618,1.858126375,0.285148919
4.899951,1.858264992,0.285600325
4.933284,1.858399748,0.285747331
4.966617,1.858243021,0.285698063
4.99995,1.857998277,0.285636011
5.033283,1.857859126,0.285685812
5.066616,1.857824905,0.285699661
5.099949,1.857685888,0.28581391
5.133282,1.857545672,0.285774762
5.166615,1.857396003,0.285854124
5.199948,1.857422235,0.285712976
5.233281,1.857238743,0.285535344
5.266614,1.856956581,0.285463971
5.299947,1.857051789,0.285551056
5.33328,1.857024092,0.285526822
5.366613,1.85681823,0.285443465
5.399946,1.856867498,0.285458911
5.433279,1.857187877,0.285620565
5.466612,1.856971495,0.28552549
5.499945,1.8569928,0.285618967
5.533278,1.857265108,0.285760647
5.566611,1.857207051,0.285788877
5.599944,1.857178289,0.285731885
5.633277,1.857332886,0.285985152
5.66661,1.857442608,0.286014713
5.699943,1.857505059,0.28605972
5.733276,1.857888155,0.286492484
5.766609,1.858185497,0.286807003
5.799942,1.858368456,0.286949749
5.833275,1.858562734,0.287137768
5.866608,1.85880628,0.287378517
5.899941,1.859217072,0.287828325
5.933274,1.859597505,0.288110887
5.966607,1.859948776,0.2882784
5.99994,1.860241324,0.288582533
6.033273,1.860731479,0.289050716
6.066606,1.861161579,0.289313837
6.099939,1.861379692,0.289560179
6.133272,1.861584623,0.289531417
6.166605,1.861838821,0.289566837
6.199938,1.862299149,0.289772966
6.233271,1.862559206,0.289830756
6.266604,1.862839904,0.290003063
6.299937,1.863289312,0.29017963
6.33327,1.863294771,0.290131161
6.366603,1.86352114,0.290115448
6.399936,1.864023679,0.290198272
6.433269,1.864100378,0.290158858
6.466602,1.864380542,0.290343148
6.499935,1.864435137,0.290301337
6.533268,1.865319306,0.290963132
6.566601,1.872962579,0.298505471
6.599934,1.882725994,0.308069681
6.633267,1.888243797,0.31340639
6.6666,1.894262808,0.319303694
6.699933,1.901857344,0.326636708
6.733266,1.910702501,0.335350837
6.766599,1.921010399,0.345269781
6.799932,1.932105794,0.355790066
6.833265,1.94369414,0.366989191
6.866598,1.95582151,0.378625341
6.899931,1.968202812,0.390479071
6.933264,1.980514473,0.401839051
6.966597,1.992593506,0.413030186
6.99993,2.00461861,0.423904139
7.033263,2.016318809,0.434449991
7.066596,2.022874313,0.439709201
7.099929,2.02429977,0.439799749
7.133262,2.028527139,0.442608851
7.166595,2.032591389,0.444937519
7.199928,2.034949618,0.445591858
7.233261,2.035969875,0.444877598
7.266594,2.035541107,0.442654924
7.299927,2.033392202,0.438607984
7.33326,2.030114649,0.433663559
7.366593,2.02597157,0.427568116
7.399926,2.020428599,0.420415132
7.433259,2.013046184,0.412818731
7.466592,2.007704682,0.405023392
7.499925,2.000521603,0.397026718
7.533258,1.993224409,0.388767723
7.566591,1.985636131,0.380485559
7.599924,1.977427203,0.372072899
7.633257,1.969302165,0.364050126
7.66659,1.961021332,0.356223096
7.699923,1.952405739,0.348601928
7.733256,1.944431836,0.34175281
7.766589,1.936512127,0.33548506
7.799922,1.928504934,0.329501204
7.833255,1.920563388,0.323978607
7.866588,1.912861259,0.31884776
7.899921,1.905351145,0.314194419
7.933254,1.898057546,0.310015919
7.966587,1.890549029,0.305487214
7.99992,1.88294384,0.301025087
8.033253,1.875562623,0.296807173
8.066586,1.86801083,0.292539191
8.099919,1.860114558,0.28786561
8.133252,1.852567559,0.283365134
8.166585,1.844887135,0.278640952
8.199918,1.837320828,0.27391757
8.233251,1.830027229,0.269120418
8.266584,1.823073049,0.264563749
8.299917,1.816070134,0.25976926
8.33325,1.809229805,0.254850135
8.366583,1.802788018,0.249991198
8.399916,1.796818942,0.245250505
8.433249,1.791634033,0.241155362
8.466582,1.787099203,0.237255163
8.499915,1.78335067,0.233381062
8.533248,1.779625307,0.230433475
8.566581,1.776792636,0.227855269
8.599914,1.7746171,0.225328995
8.633247,1.77301148,0.223261583
8.66658,1.772062596,0.221786191
8.699913,1.771969119,0.220944899
8.733246,1.772523722,0.220584573
8.766579,1.773980338,0.220892967
8.799912,1.77515639,0.220938774
8.833245,1.777414884,0.221892718
8.866578,1.780067525,0.223212314
8.899911,1.78331525,0.224800091
8.933244,1.787042744,0.227046201
8.966577,1.791565324,0.229860896
8.99991,1.796345032,0.233107023
9.033243,1.801315689,0.236363536
9.066576,1.806628296,0.239931639
9.099909,1.812452629,0.244113069
9.133242,1.818593346,0.248739778
9.166575,1.825008369,0.25360058
9.199908,1.83150515,0.258613182
9.233241,1.838108014,0.263873546
9.266574,1.844617135,0.269195963
9.299907,1.851269401,0.274654999
9.33324,1.857776169,0.28023805
9.366573,1.864720628,0.286092477
9.399906,1.8715535,0.292026266
9.433239,1.877946552,0.297683886
9.466572,1.884155312,0.303198493
9.499905,1.889837832,0.308466892
9.533238,1.895389591,0.313518642
9.566571,1.900803265,0.318508207
9.599904,1.905764867,0.323172335
9.633237,1.91056668,0.327520078
9.66657,1.91482574,0.331551971
9.699903,1.918632329,0.335289318
9.733236,1.922199367,0.338800829
9.766569,1.925108072,0.341634566
9.799902,1.927595198,0.344056178
9.833235,1.929778458,0.346105481
9.866568,1.931674628,0.347818559
9.899901,1.932745086,0.348926034
9.933234,1.933635247,0.349776249
9.966567,1.93419531,0.350084909
9.9999,1.934088784,0.349845091
10.033233,1.933198888,0.349054399
10.066566,1.932195676,0.347778478
10.099899,1.930834135,0.346264471
10.133232,1.928929175,0.344228351
10.166565,1.926213417,0.341453338
10.199898,1.923249319,0.338422927
10.233231,1.919924495,0.335270143
10.266564,1.916047998,0.331560626
10.299897,1.911684808,0.327428732
10.33323,1.90702108,0.322943835
10.366563,1.902243902,0.318514732
10.399896,1.896951269,0.313787621
10.433229,1.89140417,0.308937073
10.466562,1.885723648,0.3041306
10.499895,1.880087733,0.299451292
10.533228,1.874363801,0.294630971
10.566561,1.868781815,0.28991611
10.599894,1.863122465,0.285481281
10.633227,1.85743888,0.280966824
10.66656,1.852066085,0.276836394
10.699893,1.847015667,0.273054439
10.733226,1.842196543,0.269730681
10.766559,1.837751461,0.266394539
10.799892,1.833907987,0.263875721
10.833225,1.830324038,0.261474748
10.866558,1.827041026,0.259552878
10.899891,1.824205692,0.257846191
10.933224,1.821901525,0.256688249
10.966557,1.820326265,0.25613005
10.99989,1.819016922,0.255787168
11.033223,1.818160982,0.255823387
11.066556,1.817735675,0.25615282
11.099889,1.817763372,0.256830595
11.133222,1.818687489,0.258257517
11.166555,1.819700822,0.25961493
11.199888,1.821003507,0.261170083
11.233221,1.822434823,0.262795277
11.266554,1.824466016,0.264780663
11.299887,1.826729969,0.266819313
11.33322,1.829335739,0.268963824
11.366553,1.832313553,0.271413
11.399886,1.835402686,0.273840871
11.433219,1.838660531,0.276338117
11.466552,1.842245412,0.278806867
11.499885,1.845843077,0.281389334
11.533218,1.849771772,0.284077796
11.566551,1.853733357,0.286792755
11.599884,1.857876437,0.289633016
11.633217,1.862060929,0.292550909
11.66655,1.866305076,0.295348426
11.699883,1.870445758,0.298087488
11.733216,1.874457012,0.300668357
11.766549,1.878420861,0.303077186
11.799882,1.882263536,0.305602129
11.833215,1.885873451,0.307873007
11.866548,1.889378836,0.310031099
11.899881,1.892667707,0.312055235
11.933214,1.895578276,0.313875772
11.966547,1.898219732,0.315345171
11.99988,1.900977968,0.316915104
12.033213,1.903344986,0.318442694
12.066546,1.90549136,0.3198306
12.099879,1.907108698,0.320913175
12.133212,1.908699671,0.321997082
12.166545,1.91013072,0.322963676
12.199878,1.911264428,0.323779402
12.233211,1.91186031,0.324323087
12.266544,1.912748341,0.325052393
12.299877,1.913501616,0.32586479
12.33321,1.91373411,0.326416065
12.366543,1.913558608,0.326513803
12.399876,1.913404411,0.326781451
12.433209,1.91316233,0.326956154
12.466542,1.912564184,0.327105824
12.499875,1.912004654,0.327260819
12.533208,1.911156304,0.327069738
12.566541,1.909809676,0.326498889
12.599874,1.908365444,0.325849078
12.633207,1.906841051,0.325086615
12.66654,1.904686021,0.323850908
12.699873,1.902888387,0.322867935
12.733206,1.900796074,0.321493345
12.766539,1.898385381,0.319889323
12.799872,1.895672951,0.317972113
12.833205,1.892700198,0.315874741
12.866538,1.889812532,0.313716515
12.899871,1.886850032,0.311452029
12.933204,1.883751577,0.309049991
12.966537,1.880582682,0.306626514
12.99987,1.877511657,0.304094247
13.033203,1.874174051,0.301274626
13.066536,1.870644164,0.298478972
13.099869,1.867305492,0.295750164
13.133202,1.864031535,0.293029878
13.166535,1.861016703,0.290409461
13.199868,1.857677898,0.287695167
13.233201,1.854976787,0.285486208
13.266534,1.852379673,0.28342652
13.299867,1.849707723,0.281242994
13.3332,1.847367737,0.279288367
13.366533,1.845005646,0.277397922
13.399866,1.843026651,0.275756616
13.433199,1.841169895,0.274206922
13.466532,1.839350157,0.272748575
13.499865,1.837836283,0.271444825
13.533198,1.836598978,0.270428562
13.566531,1.835723864,0.269579014
13.599864,1.835066196,0.268899242
13.633197,1.834154196,0.268014939
13.66653,1.833517168,0.267265526
13.699863,1.833599194,0.267299348
13.733196,1.834249804,0.26778431
13.766529,1.834840626,0.268252094
13.799862,1.835704822,0.268875806
13.833195,1.836666623,0.269588069
13.866528,1.837941078,0.270423103
13.899861,1.839445498,0.271622058
13.933194,1.841369366,0.273343259
13.966527,1.843551693,0.275044886
13.99986,1.845631622,0.276890723
14.033193,1.847896108,0.278712059
14.066526,1.850411463,0.280824744
14.099859,1.853007779,0.28293743
14.133192,1.855713151,0.285192994
14.166525,1.858383769,0.287129911
14.199858,1.861105653,0.289344463
14.233191,1.863746444,0.291353552
14.266524,1.866112662,0.293124287
14.299857,1.868496058,0.295002748
14.33319,1.871363883,0.29721224
14.366523,1.874056073,0.299325192
14.399856,1.876362903,0.300949187
14.433189,1.878658548,0.30257558
14.466522,1.880958587,0.30421116
14.499855,1.883181128,0.305871508
14.533188,1.885147606,0.307208948
14.566521,1.887057892,0.308450513
14.599854,1.88867736,0.309371168
14.633187,1.89011773,0.310325245
14.66652,1.891683669,0.311258683
14.699853,1.893073972,0.312144318
14.733186,1.894065068,0.312720493
14.766519,1.894763032,0.312988889
14.799852,1.89544342,0.313080186
14.833185,1.895900102,0.313250844
14.866518,1.896373829,0.31349767
14.899851,1.89674742,0.31375781
14.933184,1.897200907,0.313931132
14.966517,1.897629626,0.314208584
14.99985,1.897891098,0.314391227
15.033183,1.897219449,0.313692413
15.066516,1.896557387,0.31328708
15.099849,1.896403989,0.313167238
15.133182,1.895885338,0.313014506
15.166515,1.895153235,0.312519158
15.199848,1.894244964,0.311946445
15.233181,1.893287691,0.311293571
15.266514,1.892095261,0.310661736
15.299847,1.890955561,0.310013656
15.33318,1.889697217,0.3091697
15.366513,1.887724214,0.307664082
15.399846,1.885754807,0.306306669
15.433179,1.884258909,0.305434217
15.466512,1.883016278,0.304696255
15.499845,1.881955941,0.304222346
15.533178,1.880282543,0.302954548
15.566511,1.878667203,0.302041217
15.599844,1.877388886,0.301070494
15.633177,1.875679403,0.299934124
15.66651,1.874151414,0.298938767
15.699843,1.87291624,0.298348611
15.733176,1.871537788,0.297604523
15.766509,1.870071318,0.296638728
15.799842,1.868304577,0.29545229
15.833175,1.866667265,0.29438596
15.866508,1.865978039,0.294166516
15.899841,1.865204657,0.293719903
15.933174,1.863766284,0.292650378
15.966507,1.862098879,0.291328385
15.99984,1.860953986,0.290390153
16.033173,1.860283535,0.290008655
16.066506,1.86001642,0.290016911
16.099839,1.859477663,0.289665374
16.133172,1.859124927,0.289538474
16.166505,1.858728649,0.289246858
16.199838,1.858567527,0.289009837
16.233171,1.858409202,0.288899981
16.266504,1.858185763,0.288820619
16.299837,1.85853983,0.289070024
16.33317,1.858827052,0.289338338
16.366503,1.85925955,0.289702658
16.399836,1.859897909,0.290126633
16.433169,1.860696858,0.290593752
16.466502,1.861406457,0.291316401
16.499835,1.862246418,0.292001366
16.533168,1.863267341,0.292684866
16.566501,1.864267624,0.293272359
16.599834,1.865374833,0.293910053
16.633167,1.866711208,0.294577708
16.6665,1.867848644,0.2952925
16.699833,1.868996466,0.29612314
16.733166,1.87035561,0.29684206
16.766499,1.871619547,0.29754407
16.799832,1.872964177,0.298228236
16.833165,1.874131573,0.298818792
16.866498,1.875649043,0.299717875
16.899831,1.87695266,0.300593522
16.933164,1.878177315,0.301193932
16.966497,1.8794543,0.301845874
16.99983,1.880605319,0.302498082
17.033163,1.881724379,0.303077319
17.066496,1.882848499,0.303757757
17.099829,1.883634931,0.304167884
17.133162,1.884402454,0.304409965
17.166495,1.884955992,0.304428208
17.199828,1.8854058,0.304687067
17.233161,1.885992361,0.305028351
17.266494,1.886248823,0.304961506
17.299827,1.886253217,0.304815698
17.33316,1.886111937,0.304567092
17.366493,1.885963599,0.30421369
17.399826,1.885960935,0.304071477
17.433159,1.885971322,0.304188657
17.466492,1.885259858,0.303579991
17.499825,1.88479021,0.303241636
17.533158,1.88428128,0.302913002
17.566491,1.883532133,0.302226972
17.599824,1.882906556,0.301951069
17.633157,1.881873516,0.301303122
17.66649,1.88116112,0.300911104
17.699823,1.880485876,0.300502442
17.733156,1.879902643,0.300290987
17.766489,1.87899131,0.299727462
17.799822,1.877491684,0.298672318
17.833155,1.877044672,0.298809337
17.866488,1.87639819,0.298590825
17.899821,1.875257425,0.298051934
17.933154,1.874442497,0.297922505
17.966487,1.873599341,0.29771611
17.99982,1.872531813,0.297048589
18.033153,1.871818218,0.296941663
18.066486,1.870817003,0.296464025
18.099819,1.870216061,0.296170145
18.133152,1.869586756,0.296056162
18.166485,1.868852922,0.295788913
18.199818,1.868196719,0.295513809
18.233151,1.867792584,0.295237772
18.266484,1.867269539,0.29509982
18.299817,1.866733845,0.29487971
18.33315,1.866310002,0.294731772
18.366483,1.866121983,0.294522713
18.399816,1.86592704,0.29435813
18.433149,1.865579098,0.294169978
18.466482,1.865404261,0.29409501
18.499815,1.865435553,0.294121774
18.533148,1.86545566,0.294112853
18.566481,1.865449402,0.294010987
18.599814,1.865536887,0.294049736
18.633147,1.86557963,0.293901531
18.66648,1.865868184,0.293920306
18.699813,1.865942486,0.293776762
18.733146,1.86628923,0.293938948
18.766479,1.866895765,0.294193414
18.799812,1.867420407,0.294408863
18.833145,1.867857565,0.294782904
18.866478,1.868409505,0.295141765
18.899811,1.869000461,0.295727128
18.933144,1.869564918,0.296135524
18.966477,1.870392096,0.296741127
18.99981,1.871233921,0.297277221
19.033143,1.872077877,0.297921972
19.066476,1.872643399,0.298577776
19.099809,1.873309988,0.299114669
19.133142,1.874006272,0.299655424
19.166475,1.874789774,0.300211758
19.199808,1.87558739,0.300671153
19.233141,1.876339467,0.301232548
19.266474,1.87695479,0.301601529
19.299807,1.877840158,0.302346548
19.33314,1.878781319,0.303059743
19.366473,1.879513289,0.303479856
19.399806,1.880103313,0.303751099
19.433139,1.88058175,0.304068415
19.466472,1.88118429,0.304552711
19.499805,1.88168523,0.304871225
19.533138,1.882534246,0.305507188
19.566471,1.883128264,0.305868712
19.599804,1.883421611,0.306040086
19.633137,1.88356409,0.306244084
19.66647,1.883494049,0.306121712
19.699803,1.883368881,0.306002003
19.733136,1.88380484,0.306524781
19.766469,1.883998985,0.30695142
19.799802,1.88394399,0.307010409
19.833135,1.883694585,0.307085643
19.866468,1.883574077,0.307048758
19.899801,1.883473942,0.307329988
19.933134,1.88328872,0.307326127
19.966467,1.88288099,0.306970062
19.9998,1.882346227,0.306798554
20.033133,1.882021321,0.30675115
20.066466,1.881332095,0.306286695
20.099799,1.880770301,0.305901735
20.133132,1.880519964,0.305785621
20.166465,1.880038731,0.305532088
20.199798,1.879519681,0.305108113
20.233131,1.878797698,0.304480938
20.266464,1.878112333,0.303927933
20.299797,1.877399405,0.303423797
20.33313,1.876835481,0.302959741
20.366463,1.876093258,0.302197544
20.399796,1.875394045,0.301565443
20.433129,1.87489417,0.300974754
20.466462,1.874168325,0.300390323
20.499795,1.873373505,0.299572333
20.533128,1.872898796,0.29910082
20.566461,1.872584676,0.298766194
20.599794,1.872026744,0.298143814
20.633127,1.871684794,0.297620502
20.66646,1.871168141,0.297091066
20.699793,1.870742435,0.29675351
20.733126,1.870281974,0.296205964
20.766459,1.869612988,0.295716209
20.799792,1.869053191,0.295262406
20.833125,1.868667166,0.29508757
20.866458,1.868949861,0.295396363
20.899791,1.868901924,0.295519401
20.933124,1.868803387,0.295427522
20.966457,1.868597791,0.295188637
20.99979,1.868447189,0.295018328
21.033123,1.868672093,0.295430452
21.066456,1.868808181,0.29553538
21.099789,1.868985947,0.295857756
21.133122,1.869201929,0.295962951
21.166455,1.869402731,0.296121675
21.199788,1.869487287,0.296164952
21.233121,1.869827905,0.2963559
21.266454,1.87009036,0.296480936
21.299787,1.870179309,0.296581071
21.33312,1.870566,0.296684401
21.366453,1.870835645,0.296602509
21.399786,1.871427932,0.296997456
21.433119,1.871753237,0.297123556
21.466452,1.8718575,0.297105314
21.499785,1.87223234,0.297262041
21.533118,1.873017706,0.297653526
21.566451,1.873428632,0.297825299
21.599784,1.87396952,0.298027966
21.633117,1.874457811,0.298220379
21.66645,1.874659545,0.29834648
21.699783,1.874765539,0.298355535
21.733116,1.875244775,0.298521849
21.766449,1.875752906,0.299009474
21.799782,1.876371824,0.29941241
21.833115,1.876869037,0.299912818
21.866448,1.877126431,0.300024005
21.899781,1.877316581,0.300322279
21.933114,1.877619249,0.300671287
21.966447,1.877782501,0.300932276
21.99978,1.878024582,0.301403922
22.033113,1.87825428,0.301986489
22.066446,1.878417132,0.302541092
22.099779,1.878724727,0.303192767
22.133112,1.878811147,0.303511415
22.166445,1.878744967,0.303855895
22.199778,1.878698096,0.304209296
22.233111,1.878438704,0.304157897
22.266444,1.878208207,0.304584136
22.299777,1.877977178,0.304621287
22.33311,1.877629502,0.304706375
22.366443,1.877597944,0.304855379
22.399776,1.877455598,0.305102653
22.433109,1.87736545,0.30536138
22.466442,1.877551205,0.305848072
22.499775,1.877435358,0.305851268
22.533108,1.877095272,0.305743943
22.566441,1.876863577,0.30569787
22.599774,1.87679327,0.305576962
22.633107,1.876927493,0.305899738
22.66644,1.876889277,0.305880563
22.699773,1.876583413,0.305640346
22.733106,1.876519097,0.305580558
22.766439,1.876332942,0.305551263
22.799772,1.875898048,0.305180285
22.833105,1.875769817,0.304981213
22.866438,1.875577803,0.304750051
22.899771,1.875384857,0.304513163
22.933104,1.87505569,0.304073209
22.966437,1.874861146,0.303621936
22.99977,1.874492964,0.303270265
23.033103,1.873753671,0.302460664
23.066436,1.873244341,0.301959857
23.099769,1.872866971,0.301404322
23.133102,1.872341663,0.300790862
23.166435,1.872087331,0.30017727
23.199768,1.87141182,0.299411745
23.233101,1.871279195,0.299149956
23.266434,1.871307158,0.299343834
23.299767,1.871189712,0.298883107
23.3331,1.870849494,0.298536763
23.366433,1.870553483,0.298216518
23.399766,1.870516199,0.297935288
23.433099,1.870355744,0.297640343
23.466432,1.869971849,0.297167499
23.499765,1.869883565,0.297090666
23.533098,1.870052276,0.297198391
23.566431,1.870161732,0.297070826
23.599764,1.869934032,0.296761367
23.633097,1.869996616,0.296640725
23.66643,1.869974912,0.296484531
23.699763,1.869954405,0.296453638
23.733096,1.869872646,0.29638919
23.766429,1.869884364,0.296450176
23.799762,1.869798477,0.296230865
23.833095,1.870016989,0.296354835
23.866428,1.870232439,0.296734602
23.899761,1.870263066,0.296861368
23.933094,1.870297524,0.29678717
23.966427,1.870150088,0.296783012
23.99976,1.870018099,0.296899762
24.033093,1.870023795,0.296895605
24.066426,1.870016176,0.297002767
24.099759,1.870039449,0.29694508
24.133092,1.869968712,0.297175281
24.166425,1.869975207,0.297157275
24.199758,1.870024846,0.297431152
24.233091,1.869892487,0.297410379
24.266424,1.86977584,0.297616508
24.299757,1.869806067,0.297820373
24.33309,1.870009399,0.298127036
24.366423,1.870096085,0.298411062
24.399756,1.870101811,0.298359796
24.433089,1.870058402,0.298508134
24.466422,1.87015614,0.298522781
24.499755,1.870072783,0.29853157
24.533088,1.870174116,0.298613462
24.566421,1.870387968,0.29871626
24.599754,1.870359206,0.298608935
24.633087,1.870375318,0.298626112
24.66642,1.870456012,0.298485231
24.699753,1.870522724,0.298594021
24.733086,1.870712607,0.298719189
24.766419,1.870976926,0.298808805
24.799752,1.871076129,0.299019594
24.833085,1.8713005,0.298942762
24.866418,1.871501968,0.299139037
24.899751,1.871718217,0.299263406
24.933084,1.871854304,0.299411079
24.966417,1.872016358,0.299334113
24.99975,1.872205309,0.299219864
25.033083,1.872302647,0.299265803
25.066416,1.872449121,0.299454222
25.099749,1.872672161,0.299388042
25.133082,1.872756051,0.2995722
25.166415,1.872650723,0.29934197
25.199748,1.872672561,0.299382583
25.233081,1.87275179,0.299429188
25.266414,1.872741536,0.299528657
25.299747,1.872436605,0.299230916
25.33308,1.872500654,0.299428789
25.366413,1.872329412,0.299436512
25.399746,1.871997449,0.299157279
25.433079,1.871983068,0.2995465
25.466412,1.871799044,0.299462078
25.499745,1.871703436,0.299590576
25.533078,1.871504365,0.299389241
25.566411,1.871330327,0.299354487
25.599744,1.871233788,0.299264871
25.633077,1.871090643,0.299127319
25.66641,1.870707414,0.299000819
25.699743,1.870624856,0.298870457
25.733076,1.870433907,0.298639161
25.766409,1.870288232,0.298361394
25.799742,1.869975178,0.298091083
25.833075,1.869771579,0.297880161
25.866408,1.869992222,0.298035157
25.899741,1.870016324,0.297956327
25.933074,1.869831234,0.297748068
25.966407,1.869816853,0.297462311
25.99974,1.86955067,0.297211707
26.033073,1.869604066,0.297159243
26.066406,1.870071185,0.297560581
26.099739,1.87007012,0.29754407
26.133072,1.870111132,0.297444201
26.166405,1.87019915,0.297170961
26.199738,1.870370657,0.297315304
26.233071,1.870572125,0.297395732
26.266404,1.87059929,0.297309445
26.299737,1.87045721,0.297209577
26.33307,1.87045468,0.29706044
26.366403,1.870608744,0.297044461
26.399736,1.87072073,0.297023688
26.433069,1.870800491,0.297041797
26.466402,1.870876258,0.296934206
26.499735,1.870896632,0.296731806
26.533068,1.870911412,0.296642856
26.566401,1.871045103,0.296777346
26.599734,1.87125496,0.296749915
26.633067,1.871249767,0.296640193
26.6664,1.871296372,0.296459364
26.699733,1.871292777,0.296402106
26.733066,1.871303696,0.296460962
26.766399,1.871554432,0.296574945
26.799732,1.871536589,0.296609566
26.833065,1.871600239,0.296563494
26.866398,1.871580531,0.296644454
26.899731,1.871859631,0.296840995
26.933064,1.871965225,0.296932075
26.966397,1.871987063,0.297021557
26.99973,1.87202741,0.297217033
27.033063,1.872122351,0.297173624
27.066396,1.872195455,0.297580555
27.099729,1.872285071,0.297671635
27.133062,1.872047916,0.297442337
27.166395,1.872060966,0.297391471
27.199728,1.872279877,0.297521965
27.233061,1.87204978,0.297369899
27.266394,1.871707431,0.29706044
27.299727,1.871794516,0.297244464
27.33306,1.871891189,0.297312641
27.366393,1.872112231,0.297611714
27.399726,1.871925278,0.297284944
27.433059,1.871945384,0.297377622
27.466392,1.872567233,0.297906792
27.499725,1.872677088,0.298273776
27.533058,1.872811311,0.298399211
27.566391,1.872915707,0.298535298
27.599724,1.872936746,0.298686832
27.633057,1.873002127,0.298770455
27.66639,1.873228362,0.298990166
27.699723,1.873184021,0.29909829
27.733056,1.87302463,0.299030646
27.766389,1.87303768,0.299070061
27.799722,1.873193075,0.29922266
27.833055,1.872691868,0.303277323
27.866388,1.872383075,0.298874319
27.899721,1.872415432,0.298926517
27.933054,1.872148717,0.2988634
27.966387,1.872435539,0.299261809
27.99972,1.872196121,0.299298028
28.033053,1.871999846,0.299332649
28.066386,1.871804636,0.299392303
28.099719,1.871692784,0.299488444
28.133052,1.871498639,0.299427723
28.166385,1.871237516,0.29933691
28.199718,1.870967339,0.299296696
28.233051,1.870594895,0.299226655
28.266384,1.870451884,0.299108943
28.299717,1.870373587,0.299213073
28.33305,1.870107271,0.299177386
28.366383,1.870004339,0.299343568
28.399716,1.869891288,0.299232514
28.433049,1.869743882,0.299358215
28.466382,1.869607129,0.299396831
28.499715,1.869447073,0.299437311
28.533048,1.869209652,0.29926607
28.566381,1.869328829,0.299300424
28.599714,1.869428564,0.299446099
28.633047,1.869304461,0.299273793
28.66638,1.868831483,0.298623183
28.699713,1.869131089,0.298780575
28.733046,1.869059849,0.298636232
28.766379,1.86884946,0.298172842
28.799712,1.869018171,0.29821705
28.833045,1.869018704,0.298017846
28.866378,1.868696594,0.297457517
28.899711,1.868321488,0.296963234
28.933044,1.86845185,0.296894258
28.966377,1.868688072,0.296888932
28.99971,1.868775823,0.296815961
29.033043,1.868406975,0.296155764
29.066376,1.868243324,0.295652693
29.099709,1.868439865,0.295575461
29.133042,1.868475951,0.295560015
29.166375,1.868683678,0.29549024
29.199708,1.868481011,0.294978114
29.233041,1.868235068,0.294465988
29.266374,1.868451184,0.294590624
29.299707,1.868433607,0.29454322
29.33304,1.868575021,0.294514191
29.366373,1.869067706,0.294894491
29.399706,1.86939381,0.295114734
29.433039,1.869633627,0.295289704
29.466372,1.869906601,0.295607952
29.499705,1.870171586,0.295866811
29.533038,1.87021939,0.295844707
29.566371,1.870383041,0.295873202
29.599704,1.870842836,0.296256165
29.633037,1.870797562,0.296201037
29.66637,1.870832449,0.296129398
29.699703,1.870920866,0.296340055
29.733036,1.871415948,0.296746986
29.766369,1.871444843,0.296727544
29.799702,1.87173859,0.296984539
29.833035,1.872002776,0.297066032
29.866368,1.872123683,0.297352322
29.899701,1.872167359,0.297515307
29.933034,1.872285071,0.297691609
